<?xml version="1.0" encoding="UTF-8"?>
<GenRun Id="impl_1" LaunchPart="xc7a35tcpg236-1" LaunchTime="1607528255">
  <File Type="BITSTR-BMM" Name="GameScreen_bd.bmm"/>
  <File Type="OPT-METHODOLOGY-DRC" Name="GameScreen_methodology_drc_opted.rpt"/>
  <File Type="INIT-TIMING" Name="GameScreen_timing_summary_init.rpt"/>
  <File Type="ROUTE-PWR" Name="GameScreen_power_routed.rpt"/>
  <File Type="PA-TCL" Name="GameScreen.tcl"/>
  <File Type="OPT-TIMING" Name="GameScreen_timing_summary_opted.rpt"/>
  <File Type="OPT-DCP" Name="GameScreen_opt.dcp"/>
  <File Type="ROUTE-PWR-SUM" Name="GameScreen_power_summary_routed.pb"/>
  <File Type="REPORTS-TCL" Name="GameScreen_reports.tcl"/>
  <File Type="OPT-DRC" Name="GameScreen_drc_opted.rpt"/>
  <File Type="OPT-HWDEF" Name="GameScreen.hwdef"/>
  <File Type="PWROPT-DCP" Name="GameScreen_pwropt.dcp"/>
  <File Type="PWROPT-DRC" Name="GameScreen_drc_pwropted.rpt"/>
  <File Type="PWROPT-TIMING" Name="GameScreen_timing_summary_pwropted.rpt"/>
  <File Type="PLACE-DCP" Name="GameScreen_placed.dcp"/>
  <File Type="PLACE-IO" Name="GameScreen_io_placed.rpt"/>
  <File Type="PLACE-CLK" Name="GameScreen_clock_utilization_placed.rpt"/>
  <File Type="PLACE-UTIL" Name="GameScreen_utilization_placed.rpt"/>
  <File Type="PLACE-UTIL-PB" Name="GameScreen_utilization_placed.pb"/>
  <File Type="PLACE-CTRL" Name="GameScreen_control_sets_placed.rpt"/>
  <File Type="PLACE-SIMILARITY" Name="GameScreen_incremental_reuse_placed.rpt"/>
  <File Type="PLACE-PRE-SIMILARITY" Name="GameScreen_incremental_reuse_pre_placed.rpt"/>
  <File Type="PLACE-TIMING" Name="GameScreen_timing_summary_placed.rpt"/>
  <File Type="POSTPLACE-PWROPT-DCP" Name="GameScreen_postplace_pwropt.dcp"/>
  <File Type="BG-BIN" Name="GameScreen.bin"/>
  <File Type="POSTPLACE-PWROPT-TIMING" Name="GameScreen_timing_summary_postplace_pwropted.rpt"/>
  <File Type="PHYSOPT-DCP" Name="GameScreen_physopt.dcp"/>
  <File Type="PHYSOPT-DRC" Name="GameScreen_drc_physopted.rpt"/>
  <File Type="BITSTR-MSK" Name="GameScreen.msk"/>
  <File Type="PHYSOPT-TIMING" Name="GameScreen_timing_summary_physopted.rpt"/>
  <File Type="ROUTE-ERROR-DCP" Name="GameScreen_routed_error.dcp"/>
  <File Type="ROUTE-DCP" Name="GameScreen_routed.dcp"/>
  <File Type="ROUTE-BLACKBOX-DCP" Name="GameScreen_routed_bb.dcp"/>
  <File Type="ROUTE-DRC" Name="GameScreen_drc_routed.rpt"/>
  <File Type="ROUTE-DRC-PB" Name="GameScreen_drc_routed.pb"/>
  <File Type="ROUTE-DRC-RPX" Name="GameScreen_drc_routed.rpx"/>
  <File Type="BITSTR-MMI" Name="GameScreen.mmi"/>
  <File Type="ROUTE-METHODOLOGY-DRC" Name="GameScreen_methodology_drc_routed.rpt"/>
  <File Type="ROUTE-METHODOLOGY-DRC-RPX" Name="GameScreen_methodology_drc_routed.rpx"/>
  <File Type="ROUTE-METHODOLOGY-DRC-PB" Name="GameScreen_methodology_drc_routed.pb"/>
  <File Type="ROUTE-PWR-RPX" Name="GameScreen_power_routed.rpx"/>
  <File Type="ROUTE-STATUS" Name="GameScreen_route_status.rpt"/>
  <File Type="ROUTE-STATUS-PB" Name="GameScreen_route_status.pb"/>
  <File Type="ROUTE-TIMINGSUMMARY" Name="GameScreen_timing_summary_routed.rpt"/>
  <File Type="ROUTE-TIMING-PB" Name="GameScreen_timing_summary_routed.pb"/>
  <File Type="ROUTE-TIMING-RPX" Name="GameScreen_timing_summary_routed.rpx"/>
  <File Type="ROUTE-SIMILARITY" Name="GameScreen_incremental_reuse_routed.rpt"/>
  <File Type="ROUTE-CLK" Name="GameScreen_clock_utilization_routed.rpt"/>
  <File Type="ROUTE-BUS-SKEW" Name="GameScreen_bus_skew_routed.rpt"/>
  <File Type="ROUTE-BUS-SKEW-PB" Name="GameScreen_bus_skew_routed.pb"/>
  <File Type="ROUTE-BUS-SKEW-RPX" Name="GameScreen_bus_skew_routed.rpx"/>
  <File Type="POSTROUTE-PHYSOPT-DCP" Name="GameScreen_postroute_physopt.dcp"/>
  <File Type="POSTROUTE-PHYSOPT-BLACKBOX-DCP" Name="GameScreen_postroute_physopt_bb.dcp"/>
  <File Type="POSTROUTE-PHYSOPT-TIMING" Name="GameScreen_timing_summary_postroute_physopted.rpt"/>
  <File Type="POSTROUTE-PHYSOPT-TIMING-PB" Name="GameScreen_timing_summary_postroute_physopted.pb"/>
  <File Type="POSTROUTE-PHYSOPT-TIMING-RPX" Name="GameScreen_timing_summary_postroute_physopted.rpx"/>
  <File Type="POSTROUTE-PHYSOPT-BUS-SKEW" Name="GameScreen_bus_skew_postroute_physopted.rpt"/>
  <File Type="POSTROUTE-PHYSOPT-BUS-SKEW-PB" Name="GameScreen_bus_skew_postroute_physopted.pb"/>
  <File Type="BG-BIT" Name="GameScreen.bit"/>
  <File Type="POSTROUTE-PHYSOPT-BUS-SKEW-RPX" Name="GameScreen_bus_skew_postroute_physopted.rpx"/>
  <File Type="BITSTR-RBT" Name="GameScreen.rbt"/>
  <File Type="BITSTR-NKY" Name="GameScreen.nky"/>
  <File Type="PDI-FILE" Name="GameScreen.pdi"/>
  <File Type="RCFI_FILE" Name="GameScreen.rcfi"/>
  <File Type="CFI_FILE" Name="GameScreen.cfi"/>
  <File Type="RNPI_FILE" Name="GameScreen.rnpi"/>
  <File Type="NPI_FILE" Name="GameScreen.npi"/>
  <File Type="RBD_FILE" Name="GameScreen.rbd"/>
  <File Type="BITSTR-LTX" Name="debug_nets.ltx"/>
  <File Type="BITSTR-LTX" Name="GameScreen.ltx"/>
  <File Type="BITSTR-SYSDEF" Name="GameScreen.sysdef"/>
  <File Type="BG-BGN" Name="GameScreen.bgn"/>
  <File Type="BG-DRC" Name="GameScreen.drc"/>
  <File Type="RDI-RDI" Name="GameScreen.vdi"/>
  <File Type="WBT-USG" Name="usage_statistics_webtalk.html"/>
  <FileSet Name="sources" Type="DesignSrcs" RelSrcDir="$PSRCDIR/sources_1">
    <Filter Type="Srcs"/>
    <File Path="$PSRCDIR/sources_1/new/heart.v">
      <FileInfo>
        <Attr Name="UsedIn" Val="synthesis"/>
        <Attr Name="UsedIn" Val="implementation"/>
        <Attr Name="UsedIn" Val="simulation"/>
      </FileInfo>
    </File>
    <File Path="$PSRCDIR/sources_1/new/sprite.v">
      <FileInfo>
        <Attr Name="UsedIn" Val="synthesis"/>
        <Attr Name="UsedIn" Val="implementation"/>
        <Attr Name="UsedIn" Val="simulation"/>
      </FileInfo>
    </File>
    <File Path="$PSRCDIR/sources_1/new/mazeScreen.v">
      <FileInfo>
        <Attr Name="UsedIn" Val="synthesis"/>
        <Attr Name="UsedIn" Val="implementation"/>
        <Attr Name="UsedIn" Val="simulation"/>
      </FileInfo>
    </File>
    <File Path="$PSRCDIR/sources_1/new/FSMfinal.v">
      <FileInfo>
        <Attr Name="UsedIn" Val="synthesis"/>
        <Attr Name="UsedIn" Val="implementation"/>
        <Attr Name="UsedIn" Val="simulation"/>
      </FileInfo>
    </File>
    <File Path="$PSRCDIR/sources_1/new/debouncer.v">
      <FileInfo>
        <Attr Name="UsedIn" Val="synthesis"/>
        <Attr Name="UsedIn" Val="implementation"/>
        <Attr Name="UsedIn" Val="simulation"/>
      </FileInfo>
    </File>
    <File Path="$PSRCDIR/sources_1/new/InputPeripherals.v">
      <FileInfo>
        <Attr Name="UsedIn" Val="synthesis"/>
        <Attr Name="UsedIn" Val="implementation"/>
        <Attr Name="UsedIn" Val="simulation"/>
      </FileInfo>
    </File>
    <File Path="$PSRCDIR/sources_1/new/clk_div.v">
      <FileInfo>
        <Attr Name="UsedIn" Val="synthesis"/>
        <Attr Name="UsedIn" Val="implementation"/>
        <Attr Name="UsedIn" Val="simulation"/>
      </FileInfo>
    </File>
    <File Path="$PSRCDIR/sources_1/new/clk_upd.v">
      <FileInfo>
        <Attr Name="UsedIn" Val="synthesis"/>
        <Attr Name="UsedIn" Val="implementation"/>
        <Attr Name="UsedIn" Val="simulation"/>
      </FileInfo>
    </File>
    <File Path="$PSRCDIR/sources_1/new/h_counter.v">
      <FileInfo>
        <Attr Name="UsedIn" Val="synthesis"/>
        <Attr Name="UsedIn" Val="implementation"/>
        <Attr Name="UsedIn" Val="simulation"/>
      </FileInfo>
    </File>
    <File Path="$PSRCDIR/sources_1/new/pixel_geb.v">
      <FileInfo>
        <Attr Name="UsedIn" Val="synthesis"/>
        <Attr Name="UsedIn" Val="implementation"/>
        <Attr Name="UsedIn" Val="simulation"/>
      </FileInfo>
    </File>
    <File Path="$PSRCDIR/sources_1/new/v_counter.v">
      <FileInfo>
        <Attr Name="UsedIn" Val="synthesis"/>
        <Attr Name="UsedIn" Val="implementation"/>
        <Attr Name="UsedIn" Val="simulation"/>
      </FileInfo>
    </File>
    <File Path="$PSRCDIR/sources_1/new/toplevelmodule.v">
      <FileInfo>
        <Attr Name="UsedIn" Val="synthesis"/>
        <Attr Name="UsedIn" Val="implementation"/>
        <Attr Name="UsedIn" Val="simulation"/>
      </FileInfo>
    </File>
    <File Path="$PSRCDIR/sources_1/new/vga_sync.v">
      <FileInfo>
        <Attr Name="UsedIn" Val="synthesis"/>
        <Attr Name="UsedIn" Val="implementation"/>
        <Attr Name="UsedIn" Val="simulation"/>
      </FileInfo>
    </File>
    <File Path="$PSRCDIR/sources_1/new/GameScreen.v">
      <FileInfo>
        <Attr Name="UsedIn" Val="synthesis"/>
        <Attr Name="UsedIn" Val="implementation"/>
        <Attr Name="UsedIn" Val="simulation"/>
      </FileInfo>
    </File>
    <File Path="$PSRCDIR/sources_1/new/PixelGen.v">
      <FileInfo>
        <Attr Name="AutoDisabled" Val="1"/>
        <Attr Name="UsedIn" Val="synthesis"/>
        <Attr Name="UsedIn" Val="implementation"/>
        <Attr Name="UsedIn" Val="simulation"/>
      </FileInfo>
    </File>
    <Config>
      <Option Name="DesignMode" Val="RTL"/>
      <Option Name="TopModule" Val="GameScreen"/>
      <Option Name="TopAutoSet" Val="TRUE"/>
    </Config>
  </FileSet>
  <FileSet Name="constrs_in" Type="Constrs" RelSrcDir="$PSRCDIR/constrs_1">
    <Filter Type="Constrs"/>
    <File Path="$PSRCDIR/constrs_1/new/constraints.xdc">
      <FileInfo>
        <Attr Name="UsedIn" Val="synthesis"/>
        <Attr Name="UsedIn" Val="implementation"/>
      </FileInfo>
    </File>
    <Config>
      <Option Name="ConstrsType" Val="XDC"/>
    </Config>
  </FileSet>
  <FileSet Name="utils" Type="Utils" RelSrcDir="$PSRCDIR/utils_1">
    <Filter Type="Utils"/>
    <Config>
      <Option Name="TopAutoSet" Val="TRUE"/>
    </Config>
  </FileSet>
  <Strategy Version="1" Minor="2">
    <StratHandle Name="Vivado Implementation Defaults" Flow="Vivado Implementation 2020"/>
    <Step Id="init_design"/>
    <Step Id="opt_design"/>
    <Step Id="power_opt_design"/>
    <Step Id="place_design"/>
    <Step Id="post_place_power_opt_design"/>
    <Step Id="phys_opt_design"/>
    <Step Id="route_design"/>
    <Step Id="post_route_phys_opt_design"/>
    <Step Id="write_bitstream"/>
  </Strategy>
</GenRun>
